rps,timestamp,actual_scale,desired_scale,running_instances,worker_cpu_avg,worker_mem_avg,active_worker_cpu_avg
1,0,0,1,1,6.25,5.335693359375,6.25
1,1000,0,1,1,6.25,5.335693359375,6.25
1,2000,1,1,1,6.25,5.335693359375,6.25
1,3000,1,1,1,6.25,5.335693359375,6.25
1,4000,1,1,1,6.25,5.335693359375,6.25
1,5000,1,1,1,6.25,5.335693359375,6.25
1,6000,1,1,1,6.25,5.335693359375,6.25
1,7000,1,1,1,6.25,5.335693359375,6.25
1,8000,1,1,1,6.25,5.335693359375,6.25
1,9000,1,1,1,6.25,5.335693359375,6.25
1,10000,1,1,1,6.25,5.335693359375,6.25
1,11000,1,1,1,6.25,5.335693359375,6.25
1,12000,1,1,1,6.25,5.335693359375,6.25
1,13000,1,1,1,6.25,5.335693359375,6.25
1,14000,1,1,1,6.25,5.335693359375,6.25
1,15000,1,1,1,6.25,5.335693359375,6.25
1,16000,1,1,1,6.25,5.335693359375,6.25
1,17000,1,1,1,6.25,5.335693359375,6.25
1,18000,1,1,1,6.25,5.335693359375,6.25
1,19000,1,1,1,6.25,5.335693359375,6.25
1,20000,1,1,1,6.25,5.335693359375,6.25
1,21000,1,1,1,6.25,5.335693359375,6.25
1,22000,1,1,1,6.25,5.335693359375,6.25
1,23000,1,1,1,6.25,5.335693359375,6.25
1,24000,1,1,1,6.25,5.335693359375,6.25
1,25000,1,1,1,6.25,5.335693359375,6.25
1,26000,1,1,1,6.25,5.335693359375,6.25
1,27000,1,1,1,6.25,5.335693359375,6.25
1,28000,1,1,1,6.25,5.335693359375,6.25
1,29000,1,1,1,6.25,5.335693359375,6.25
1,30000,1,1,1,6.25,5.335693359375,6.25
1,31000,1,1,1,6.25,5.335693359375,6.25
1,32000,1,1,1,6.25,5.335693359375,6.25
1,33000,1,1,1,6.25,5.335693359375,6.25
1,34000,1,1,1,6.25,5.335693359375,6.25
1,35000,1,1,1,6.25,5.335693359375,6.25
1,36000,1,1,1,6.25,5.335693359375,6.25
1,37000,1,1,1,6.25,5.335693359375,6.25
1,38000,1,1,1,6.25,5.335693359375,6.25
1,39000,1,1,1,6.25,5.335693359375,6.25
1,40000,1,1,1,6.25,5.335693359375,6.25
1,41000,1,1,1,6.25,5.335693359375,6.25
1,42000,1,1,1,6.25,5.335693359375,6.25
1,43000,1,1,1,6.25,5.335693359375,6.25
1,44000,1,1,1,6.25,5.335693359375,6.25
1,45000,1,1,1,6.25,5.335693359375,6.25
1,46000,1,1,1,6.25,5.335693359375,6.25
1,47000,1,1,1,6.25,5.335693359375,6.25
1,48000,1,1,1,6.25,5.335693359375,6.25
1,49000,1,1,1,6.25,5.335693359375,6.25
1,50000,1,1,1,6.25,5.335693359375,6.25
1,51000,1,1,1,6.25,5.335693359375,6.25
1,52000,1,1,1,6.25,5.335693359375,6.25
1,53000,1,1,1,6.25,5.335693359375,6.25
1,54000,1,1,1,6.25,5.335693359375,6.25
1,55000,1,1,1,6.25,5.335693359375,6.25
1,56000,1,1,1,6.25,5.335693359375,6.25
1,57000,1,1,1,6.25,5.335693359375,6.25
1,58000,1,1,1,6.25,5.335693359375,6.25
1,59000,1,1,1,6.25,5.335693359375,6.25
2,60000,1,1,1,6.25,5.335693359375,6.25
2,61000,1,1,1,6.25,5.335693359375,6.25
2,62000,1,2,2,6.25,5.335693359375,6.25
2,63000,1,2,2,12.5,5.67138671875,12.5
2,64000,2,2,2,12.5,5.67138671875,12.5
2,65000,2,2,2,12.5,5.67138671875,12.5
2,66000,2,2,2,12.5,5.67138671875,12.5
2,67000,2,2,2,12.5,5.67138671875,12.5
2,68000,2,2,2,12.5,5.67138671875,12.5
2,69000,2,2,2,12.5,5.67138671875,12.5
2,70000,2,2,2,12.5,5.67138671875,12.5
2,71000,2,2,2,12.5,5.67138671875,12.5
2,72000,2,2,2,12.5,5.67138671875,12.5
2,73000,2,2,2,12.5,5.67138671875,12.5
2,74000,2,2,2,12.5,5.67138671875,12.5
2,75000,2,2,2,12.5,5.67138671875,12.5
2,76000,2,2,2,12.5,5.67138671875,12.5
2,77000,2,2,2,12.5,5.67138671875,12.5
2,78000,2,2,2,12.5,5.67138671875,12.5
2,79000,2,2,2,12.5,5.67138671875,12.5
2,80000,2,2,2,12.5,5.67138671875,12.5
2,81000,2,2,2,12.5,5.67138671875,12.5
2,82000,2,2,2,12.5,5.67138671875,12.5
2,83000,2,2,2,12.5,5.67138671875,12.5
2,84000,2,2,2,12.5,5.67138671875,12.5
2,85000,2,2,2,12.5,5.67138671875,12.5
2,86000,2,2,2,12.5,5.67138671875,12.5
2,87000,2,2,2,12.5,5.67138671875,12.5
2,88000,2,2,2,12.5,5.67138671875,12.5
2,89000,2,2,2,12.5,5.67138671875,12.5
2,90000,2,2,2,12.5,5.67138671875,12.5
2,91000,2,2,2,12.5,5.67138671875,12.5
2,92000,2,2,2,12.5,5.67138671875,12.5
2,93000,2,2,2,12.5,5.67138671875,12.5
2,94000,2,2,2,12.5,5.67138671875,12.5
2,95000,2,2,2,12.5,5.67138671875,12.5
2,96000,2,2,2,12.5,5.67138671875,12.5
2,97000,2,2,2,12.5,5.67138671875,12.5
2,98000,2,2,2,12.5,5.67138671875,12.5
2,99000,2,2,2,12.5,5.67138671875,12.5
2,100000,2,2,2,12.5,5.67138671875,12.5
2,101000,2,2,2,12.5,5.67138671875,12.5
2,102000,2,2,2,12.5,5.67138671875,12.5
2,103000,2,2,2,12.5,5.67138671875,12.5
2,104000,2,2,2,12.5,5.67138671875,12.5
2,105000,2,2,2,12.5,5.67138671875,12.5
2,106000,2,2,2,12.5,5.67138671875,12.5
2,107000,2,2,2,12.5,5.67138671875,12.5
2,108000,2,2,2,12.5,5.67138671875,12.5
2,109000,2,2,2,12.5,5.67138671875,12.5
2,110000,2,2,2,12.5,5.67138671875,12.5
2,111000,2,2,2,12.5,5.67138671875,12.5
2,112000,2,2,2,12.5,5.67138671875,12.5
2,113000,2,2,2,12.5,5.67138671875,12.5
2,114000,2,2,2,12.5,5.67138671875,12.5
2,115000,2,2,2,12.5,5.67138671875,12.5
2,116000,2,2,2,12.5,5.67138671875,12.5
2,117000,2,2,2,12.5,5.67138671875,12.5
2,118000,2,2,2,12.5,5.67138671875,12.5
2,119000,2,2,2,12.5,5.67138671875,12.5
3,120000,2,2,2,12.5,5.67138671875,12.5
3,121000,2,2,2,12.5,5.67138671875,12.5
3,122000,2,3,3,12.5,5.67138671875,12.5
3,123000,2,3,3,18.75,6.007080078125,18.75
3,124000,3,3,3,18.75,6.007080078125,18.75
3,125000,3,3,3,18.75,6.007080078125,18.75
3,126000,3,3,3,18.75,6.007080078125,18.75
3,127000,3,3,3,18.75,6.007080078125,18.75
3,128000,3,3,3,18.75,6.007080078125,18.75
3,129000,3,3,3,18.75,6.007080078125,18.75
3,130000,3,3,3,18.75,6.007080078125,18.75
3,131000,3,3,3,18.75,6.007080078125,18.75
3,132000,3,3,3,18.75,6.007080078125,18.75
3,133000,3,3,3,18.75,6.007080078125,18.75
3,134000,3,3,3,18.75,6.007080078125,18.75
3,135000,3,3,3,18.75,6.007080078125,18.75
3,136000,3,3,3,18.75,6.007080078125,18.75
3,137000,3,3,3,18.75,6.007080078125,18.75
3,138000,3,3,3,18.75,6.007080078125,18.75
3,139000,3,3,3,18.75,6.007080078125,18.75
3,140000,3,3,3,18.75,6.007080078125,18.75
3,141000,3,3,3,18.75,6.007080078125,18.75
3,142000,3,3,3,18.75,6.007080078125,18.75
3,143000,3,3,3,18.75,6.007080078125,18.75
3,144000,3,3,3,18.75,6.007080078125,18.75
3,145000,3,3,3,18.75,6.007080078125,18.75
3,146000,3,3,3,18.75,6.007080078125,18.75
3,147000,3,3,3,18.75,6.007080078125,18.75
3,148000,3,3,3,18.75,6.007080078125,18.75
3,149000,3,3,3,18.75,6.007080078125,18.75
3,150000,3,3,3,18.75,6.007080078125,18.75
3,151000,3,3,3,18.75,6.007080078125,18.75
3,152000,3,3,3,18.75,6.007080078125,18.75
3,153000,3,3,3,18.75,6.007080078125,18.75
3,154000,3,3,3,18.75,6.007080078125,18.75
3,155000,3,3,3,18.75,6.007080078125,18.75
3,156000,3,3,3,18.75,6.007080078125,18.75
3,157000,3,3,3,18.75,6.007080078125,18.75
3,158000,3,3,3,18.75,6.007080078125,18.75
3,159000,3,3,3,18.75,6.007080078125,18.75
3,160000,3,3,3,18.75,6.007080078125,18.75
3,161000,3,3,3,18.75,6.007080078125,18.75
3,162000,3,3,3,18.75,6.007080078125,18.75
3,163000,3,3,3,18.75,6.007080078125,18.75
3,164000,3,3,3,18.75,6.007080078125,18.75
3,165000,3,3,3,18.75,6.007080078125,18.75
3,166000,3,3,3,18.75,6.007080078125,18.75
3,167000,3,3,3,18.75,6.007080078125,18.75
3,168000,3,3,3,18.75,6.007080078125,18.75
3,169000,3,3,3,18.75,6.007080078125,18.75
3,170000,3,3,3,18.75,6.007080078125,18.75
3,171000,3,3,3,18.75,6.007080078125,18.75
3,172000,3,3,3,18.75,6.007080078125,18.75
3,173000,3,3,3,18.75,6.007080078125,18.75
3,174000,3,3,3,18.75,6.007080078125,18.75
3,175000,3,3,3,18.75,6.007080078125,18.75
3,176000,3,3,3,18.75,6.007080078125,18.75
3,177000,3,3,3,18.75,6.007080078125,18.75
3,178000,3,3,3,18.75,6.007080078125,18.75
3,179000,3,3,3,18.75,6.007080078125,18.75
4,180000,3,3,3,18.75,6.007080078125,18.75
4,181000,3,3,3,18.75,6.007080078125,18.75
4,182000,3,4,4,18.75,6.007080078125,18.75
4,183000,3,4,4,25.0,6.3427734375,25.0
4,184000,4,8,5,25.0,6.3427734375,25.0
4,185000,4,8,8,25.0,6.3427734375,25.0
4,186000,8,5,8,25.0,6.3427734375,25.0
4,187000,8,5,8,25.0,6.3427734375,25.0
4,188000,8,6,9,25.0,6.3427734375,25.0
4,189000,8,6,9,25.0,6.3427734375,25.0
4,190000,9,6,9,25.0,6.3427734375,25.0
4,191000,9,6,9,25.0,6.3427734375,25.0
4,192000,9,7,10,25.0,6.3427734375,25.0
4,193000,9,7,10,25.0,6.3427734375,25.0
4,194000,10,8,11,25.0,6.3427734375,25.0
4,195000,10,8,11,25.0,6.3427734375,25.0
4,196000,11,8,11,25.0,6.3427734375,25.0
4,197000,11,8,11,25.0,6.3427734375,25.0
4,198000,11,8,11,25.0,6.3427734375,25.0
4,199000,11,8,11,25.0,6.3427734375,25.0
4,200000,11,8,11,25.0,6.3427734375,25.0
4,201000,11,8,11,25.0,6.3427734375,25.0
4,202000,11,8,11,25.0,6.3427734375,25.0
4,203000,11,8,11,25.0,6.3427734375,25.0
4,204000,11,8,11,25.0,6.3427734375,25.0
4,205000,11,8,11,25.0,6.3427734375,25.0
4,206000,11,8,11,25.0,6.3427734375,25.0
4,207000,11,8,11,25.0,6.3427734375,25.0
4,208000,11,8,11,25.0,6.3427734375,25.0
4,209000,11,8,11,25.0,6.3427734375,25.0
4,210000,11,8,11,25.0,6.3427734375,25.0
4,211000,11,8,11,25.0,6.3427734375,25.0
4,212000,11,8,11,25.0,6.3427734375,25.0
4,213000,11,8,11,25.0,6.3427734375,25.0
4,214000,11,8,11,25.0,6.3427734375,25.0
4,215000,11,8,11,25.0,6.3427734375,25.0
4,216000,11,8,11,25.0,6.3427734375,25.0
4,217000,11,8,11,25.0,6.3427734375,25.0
4,218000,11,8,11,25.0,6.3427734375,25.0
4,219000,11,8,11,25.0,6.3427734375,25.0
4,220000,11,8,11,25.0,6.3427734375,25.0
4,221000,11,8,11,25.0,6.3427734375,25.0
4,222000,11,8,11,25.0,6.3427734375,25.0
4,223000,11,8,11,25.0,6.3427734375,25.0
4,224000,11,8,11,25.0,6.3427734375,25.0
4,225000,11,8,11,25.0,6.3427734375,25.0
4,226000,11,8,11,25.0,6.3427734375,25.0
4,227000,11,8,11,25.0,6.3427734375,25.0
4,228000,11,8,11,25.0,6.3427734375,25.0
4,229000,11,8,11,25.0,6.3427734375,25.0
4,230000,11,8,11,25.0,6.3427734375,25.0
4,231000,11,8,11,25.0,6.3427734375,25.0
4,232000,11,8,11,25.0,6.3427734375,25.0
4,233000,11,8,11,25.0,6.3427734375,25.0
4,234000,11,8,11,25.0,6.3427734375,25.0
4,235000,11,8,11,25.0,6.3427734375,25.0
4,236000,11,8,11,25.0,6.3427734375,25.0
4,237000,11,8,11,25.0,6.3427734375,25.0
4,238000,11,8,11,25.0,6.3427734375,25.0
4,239000,11,8,11,25.0,6.3427734375,25.0
5,240000,11,8,11,25.0,6.3427734375,25.0
5,241000,11,8,11,31.25,6.678466796875,31.25
5,242000,11,8,11,31.25,6.678466796875,31.25
5,243000,11,8,11,31.25,6.678466796875,31.25
5,244000,11,8,11,31.25,6.678466796875,31.25
5,245000,11,8,11,31.25,6.678466796875,31.25
5,246000,11,8,11,31.25,6.678466796875,31.25
5,247000,11,8,11,31.25,6.678466796875,31.25
5,248000,11,8,11,31.25,6.678466796875,31.25
5,249000,11,8,11,31.25,6.678466796875,31.25
5,250000,11,8,11,31.25,6.678466796875,31.25
5,251000,11,8,11,31.25,6.678466796875,31.25
5,252000,11,8,11,31.25,6.678466796875,31.25
5,253000,11,8,11,31.25,6.678466796875,31.25
5,254000,11,8,11,31.25,6.678466796875,31.25
5,255000,11,8,11,31.25,6.678466796875,31.25
5,256000,11,8,11,31.25,6.678466796875,31.25
5,257000,11,8,11,31.25,6.678466796875,31.25
5,258000,11,8,11,31.25,6.678466796875,31.25
5,259000,11,8,11,31.25,6.678466796875,31.25
5,260000,11,8,11,31.25,6.678466796875,31.25
5,261000,11,8,11,31.25,6.678466796875,31.25
5,262000,11,8,11,31.25,6.678466796875,31.25
5,263000,11,8,11,31.25,6.678466796875,31.25
5,264000,11,8,11,31.25,6.678466796875,31.25
5,265000,11,8,11,31.25,6.678466796875,31.25
5,266000,11,8,11,31.25,6.678466796875,31.25
5,267000,11,8,11,31.25,6.678466796875,31.25
5,268000,11,8,11,31.25,6.678466796875,31.25
5,269000,11,8,11,31.25,6.678466796875,31.25
5,270000,11,8,11,31.25,6.678466796875,31.25
5,271000,11,8,11,31.25,6.678466796875,31.25
5,272000,11,8,11,31.25,6.678466796875,31.25
5,273000,11,8,11,31.25,6.678466796875,31.25
5,274000,11,8,11,31.25,6.678466796875,31.25
5,275000,11,8,11,31.25,6.678466796875,31.25
5,276000,11,8,11,31.25,6.678466796875,31.25
5,277000,11,8,11,31.25,6.678466796875,31.25
5,278000,11,8,11,31.25,6.678466796875,31.25
5,279000,11,8,11,31.25,6.678466796875,31.25
5,280000,11,8,11,31.25,6.678466796875,31.25
5,281000,11,8,11,31.25,6.678466796875,31.25
5,282000,11,8,11,31.25,6.678466796875,31.25
5,283000,11,8,11,31.25,6.678466796875,31.25
5,284000,11,8,11,31.25,6.678466796875,31.25
5,285000,11,8,11,31.25,6.678466796875,31.25
5,286000,11,8,11,31.25,6.678466796875,31.25
5,287000,11,8,11,31.25,6.678466796875,31.25
5,288000,11,8,11,31.25,6.678466796875,31.25
5,289000,11,8,11,31.25,6.678466796875,31.25
5,290000,11,8,11,31.25,6.678466796875,31.25
5,291000,11,8,11,31.25,6.678466796875,31.25
5,292000,11,8,11,31.25,6.678466796875,31.25
5,293000,11,8,11,31.25,6.678466796875,31.25
5,294000,11,8,11,31.25,6.678466796875,31.25
5,295000,11,8,11,31.25,6.678466796875,31.25
5,296000,11,8,11,31.25,6.678466796875,31.25
5,297000,11,8,11,31.25,6.678466796875,31.25
5,298000,11,8,11,31.25,6.678466796875,31.25
5,299000,11,8,11,31.25,6.678466796875,31.25
6,300000,11,8,11,31.25,6.678466796875,31.25
6,301000,11,8,11,31.25,6.678466796875,31.25
6,302000,11,8,11,37.5,7.01416015625,37.5
6,303000,11,8,11,37.5,7.01416015625,37.5
6,304000,11,8,11,37.5,7.01416015625,37.5
6,305000,11,8,11,37.5,7.01416015625,37.5
6,306000,11,8,11,37.5,7.01416015625,37.5
6,307000,11,8,11,37.5,7.01416015625,37.5
6,308000,11,8,11,37.5,7.01416015625,37.5
6,309000,11,8,11,37.5,7.01416015625,37.5
6,310000,11,8,11,37.5,7.01416015625,37.5
6,311000,11,8,11,37.5,7.01416015625,37.5
6,312000,11,8,11,37.5,7.01416015625,37.5
6,313000,11,8,11,37.5,7.01416015625,37.5
6,314000,11,8,11,37.5,7.01416015625,37.5
6,315000,11,8,11,37.5,7.01416015625,37.5
6,316000,11,8,11,37.5,7.01416015625,37.5
6,317000,11,8,11,37.5,7.01416015625,37.5
6,318000,11,8,11,37.5,7.01416015625,37.5
6,319000,11,8,11,37.5,7.01416015625,37.5
6,320000,11,8,11,37.5,7.01416015625,37.5
6,321000,11,8,11,37.5,7.01416015625,37.5
6,322000,11,8,11,37.5,7.01416015625,37.5
6,323000,11,8,11,37.5,7.01416015625,37.5
6,324000,11,8,11,37.5,7.01416015625,37.5
6,325000,11,8,11,37.5,7.01416015625,37.5
6,326000,11,8,11,37.5,7.01416015625,37.5
6,327000,11,8,11,37.5,7.01416015625,37.5
6,328000,11,8,11,37.5,7.01416015625,37.5
6,329000,11,8,11,37.5,7.01416015625,37.5
6,330000,11,8,11,37.5,7.01416015625,37.5
6,331000,11,8,11,37.5,7.01416015625,37.5
6,332000,11,8,11,37.5,7.01416015625,37.5
6,333000,11,8,11,37.5,7.01416015625,37.5
6,334000,11,8,11,37.5,7.01416015625,37.5
6,335000,11,8,11,37.5,7.01416015625,37.5
6,336000,11,8,11,37.5,7.01416015625,37.5
6,337000,11,8,11,37.5,7.01416015625,37.5
6,338000,11,8,11,37.5,7.01416015625,37.5
6,339000,11,8,11,37.5,7.01416015625,37.5
6,340000,11,8,11,37.5,7.01416015625,37.5
6,341000,11,8,11,37.5,7.01416015625,37.5
6,342000,11,8,11,37.5,7.01416015625,37.5
6,343000,11,8,11,37.5,7.01416015625,37.5
6,344000,11,8,11,37.5,7.01416015625,37.5
6,345000,11,8,11,37.5,7.01416015625,37.5
6,346000,11,8,11,37.5,7.01416015625,37.5
6,347000,11,8,11,37.5,7.01416015625,37.5
6,348000,11,8,11,37.5,7.01416015625,37.5
6,349000,11,8,11,37.5,7.01416015625,37.5
6,350000,11,8,11,37.5,7.01416015625,37.5
6,351000,11,8,11,37.5,7.01416015625,37.5
6,352000,11,8,11,37.5,7.01416015625,37.5
6,353000,11,8,11,37.5,7.01416015625,37.5
6,354000,11,8,11,37.5,7.01416015625,37.5
6,355000,11,8,11,37.5,7.01416015625,37.5
6,356000,11,8,11,37.5,7.01416015625,37.5
6,357000,11,8,11,37.5,7.01416015625,37.5
6,358000,11,8,11,37.5,7.01416015625,37.5
6,359000,11,8,11,37.5,7.01416015625,37.5
7,360000,11,8,11,37.5,7.01416015625,37.5
7,361000,11,8,11,43.75,7.349853515625,43.75
7,362000,11,8,11,43.75,7.349853515625,43.75
7,363000,11,8,11,43.75,7.349853515625,43.75
7,364000,11,8,11,43.75,7.349853515625,43.75
7,365000,11,8,11,43.75,7.349853515625,43.75
7,366000,11,8,11,43.75,7.349853515625,43.75
7,367000,11,8,11,43.75,7.349853515625,43.75
7,368000,11,8,11,43.75,7.349853515625,43.75
7,369000,11,8,11,43.75,7.349853515625,43.75
7,370000,11,8,11,43.75,7.349853515625,43.75
7,371000,11,8,11,43.75,7.349853515625,43.75
7,372000,11,8,11,43.75,7.349853515625,43.75
7,373000,11,8,11,43.75,7.349853515625,43.75
7,374000,11,8,11,43.75,7.349853515625,43.75
7,375000,11,8,11,43.75,7.349853515625,43.75
7,376000,11,8,11,43.75,7.349853515625,43.75
7,377000,11,8,11,43.75,7.349853515625,43.75
7,378000,11,8,11,43.75,7.349853515625,43.75
7,379000,11,8,11,43.75,7.349853515625,43.75
7,380000,11,8,11,43.75,7.349853515625,43.75
7,381000,11,8,11,43.75,7.349853515625,43.75
7,382000,11,8,11,43.75,7.349853515625,43.75
7,383000,11,8,11,43.75,7.349853515625,43.75
7,384000,11,8,11,43.75,7.349853515625,43.75
7,385000,11,8,11,43.75,7.349853515625,43.75
7,386000,11,8,11,43.75,7.349853515625,43.75
7,387000,11,8,11,43.75,7.349853515625,43.75
7,388000,11,8,11,43.75,7.349853515625,43.75
7,389000,11,8,11,43.75,7.349853515625,43.75
7,390000,11,8,11,43.75,7.349853515625,43.75
7,391000,11,8,11,43.75,7.349853515625,43.75
7,392000,11,8,11,43.75,7.349853515625,43.75
7,393000,11,8,11,43.75,7.349853515625,43.75
7,394000,11,8,11,43.75,7.349853515625,43.75
7,395000,11,8,11,43.75,7.349853515625,43.75
7,396000,11,8,11,43.75,7.349853515625,43.75
7,397000,11,8,11,43.75,7.349853515625,43.75
7,398000,11,8,11,43.75,7.349853515625,43.75
7,399000,11,8,11,43.75,7.349853515625,43.75
7,400000,11,8,11,43.75,7.349853515625,43.75
7,401000,11,8,11,43.75,7.349853515625,43.75
7,402000,11,8,11,43.75,7.349853515625,43.75
7,403000,11,8,11,43.75,7.349853515625,43.75
7,404000,11,8,11,43.75,7.349853515625,43.75
7,405000,11,8,11,43.75,7.349853515625,43.75
7,406000,11,8,11,43.75,7.349853515625,43.75
7,407000,11,8,11,43.75,7.349853515625,43.75
7,408000,11,8,11,43.75,7.349853515625,43.75
7,409000,11,8,11,50.0,7.685546875,50.0
7,410000,11,8,11,43.75,7.349853515625,43.75
7,411000,11,8,11,43.75,7.349853515625,43.75
7,412000,11,8,11,43.75,7.349853515625,43.75
7,413000,11,8,11,43.75,7.349853515625,43.75
7,414000,11,8,11,43.75,7.349853515625,43.75
7,415000,11,8,11,43.75,7.349853515625,43.75
7,416000,11,8,11,43.75,7.349853515625,43.75
7,417000,11,8,11,43.75,7.349853515625,43.75
7,418000,11,8,11,43.75,7.349853515625,43.75
7,419000,11,8,11,43.75,7.349853515625,43.75
8,420000,11,8,11,43.75,7.349853515625,43.75
8,421000,11,8,11,50.0,7.685546875,50.0
8,422000,11,8,11,50.0,7.685546875,50.0
8,423000,11,8,11,50.0,7.685546875,50.0
8,424000,11,8,11,50.0,7.685546875,50.0
8,425000,11,8,11,50.0,7.685546875,50.0
8,426000,11,8,11,50.0,7.685546875,50.0
8,427000,11,8,11,50.0,7.685546875,50.0
8,428000,11,8,11,50.0,7.685546875,50.0
8,429000,11,8,11,50.0,7.685546875,50.0
8,430000,11,8,11,50.0,7.685546875,50.0
8,431000,11,8,11,50.0,7.685546875,50.0
8,432000,11,8,11,50.0,7.685546875,50.0
8,433000,11,8,11,50.0,7.685546875,50.0
8,434000,11,8,11,50.0,7.685546875,50.0
8,435000,11,8,11,50.0,7.685546875,50.0
8,436000,11,8,11,50.0,7.685546875,50.0
8,437000,11,8,11,50.0,7.685546875,50.0
8,438000,11,8,11,50.0,7.685546875,50.0
8,439000,11,8,11,50.0,7.685546875,50.0
8,440000,11,8,11,50.0,7.685546875,50.0
8,441000,11,8,11,50.0,7.685546875,50.0
8,442000,11,8,11,50.0,7.685546875,50.0
8,443000,11,8,11,50.0,7.685546875,50.0
8,444000,11,8,11,50.0,7.685546875,50.0
8,445000,11,8,11,50.0,7.685546875,50.0
8,446000,11,8,11,50.0,7.685546875,50.0
8,447000,11,8,11,50.0,7.685546875,50.0
8,448000,11,8,11,50.0,7.685546875,50.0
8,449000,11,8,11,50.0,7.685546875,50.0
8,450000,11,8,11,50.0,7.685546875,50.0
8,451000,11,8,11,50.0,7.685546875,50.0
8,452000,11,8,11,50.0,7.685546875,50.0
8,453000,11,8,11,50.0,7.685546875,50.0
8,454000,11,8,11,50.0,7.685546875,50.0
8,455000,11,8,11,50.0,7.685546875,50.0
8,456000,11,8,11,50.0,7.685546875,50.0
8,457000,11,8,11,50.0,7.685546875,50.0
8,458000,11,8,11,50.0,7.685546875,50.0
8,459000,11,8,11,50.0,7.685546875,50.0
8,460000,11,8,11,50.0,7.685546875,50.0
8,461000,11,8,11,50.0,7.685546875,50.0
8,462000,11,8,11,50.0,7.685546875,50.0
8,463000,11,8,11,50.0,7.685546875,50.0
8,464000,11,8,11,50.0,7.685546875,50.0
8,465000,11,8,11,50.0,7.685546875,50.0
8,466000,11,8,11,50.0,7.685546875,50.0
8,467000,11,8,11,50.0,7.685546875,50.0
8,468000,11,8,11,50.0,7.685546875,50.0
8,469000,11,8,11,50.0,7.685546875,50.0
8,470000,11,8,11,50.0,7.685546875,50.0
8,471000,11,8,11,50.0,7.685546875,50.0
8,472000,11,8,11,50.0,7.685546875,50.0
8,473000,11,8,11,50.0,7.685546875,50.0
8,474000,11,8,11,50.0,7.685546875,50.0
8,475000,11,8,11,50.0,7.685546875,50.0
8,476000,11,8,11,50.0,7.685546875,50.0
8,477000,11,8,11,50.0,7.685546875,50.0
8,478000,11,8,11,50.0,7.685546875,50.0
8,479000,11,8,11,50.0,7.685546875,50.0
9,480000,11,8,11,50.0,7.685546875,50.0
9,481000,11,8,11,50.0,7.685546875,50.0
9,482000,11,8,11,50.0,7.685546875,50.0
9,483000,11,8,11,56.25,8.021240234375,56.25
9,484000,11,8,11,56.25,8.021240234375,56.25
9,485000,11,8,11,56.25,8.021240234375,56.25
9,486000,11,8,11,56.25,8.021240234375,56.25
9,487000,11,8,11,56.25,8.021240234375,56.25
9,488000,11,8,11,56.25,8.021240234375,56.25
9,489000,11,8,11,56.25,8.021240234375,56.25
9,490000,11,8,11,56.25,8.021240234375,56.25
9,491000,11,8,11,56.25,8.021240234375,56.25
9,492000,11,8,11,56.25,8.021240234375,56.25
9,493000,11,8,11,56.25,8.021240234375,56.25
9,494000,11,8,11,56.25,8.021240234375,56.25
9,495000,11,8,11,56.25,8.021240234375,56.25
9,496000,11,8,11,56.25,8.021240234375,56.25
9,497000,11,8,11,56.25,8.021240234375,56.25
9,498000,11,8,11,56.25,8.021240234375,56.25
9,499000,11,8,11,56.25,8.021240234375,56.25
9,500000,11,8,11,56.25,8.021240234375,56.25
9,501000,11,8,11,56.25,8.021240234375,56.25
9,502000,11,8,11,56.25,8.021240234375,56.25
9,503000,11,8,11,56.25,8.021240234375,56.25
9,504000,11,8,11,56.25,8.021240234375,56.25
9,505000,11,8,11,56.25,8.021240234375,56.25
9,506000,11,8,11,56.25,8.021240234375,56.25
9,507000,11,8,11,56.25,8.021240234375,56.25
9,508000,11,8,11,56.25,8.021240234375,56.25
9,509000,11,8,11,56.25,8.021240234375,56.25
9,510000,11,8,11,56.25,8.021240234375,56.25
9,511000,11,8,11,56.25,8.021240234375,56.25
9,512000,11,8,11,56.25,8.021240234375,56.25
9,513000,11,8,11,56.25,8.021240234375,56.25
9,514000,11,8,11,56.25,8.021240234375,56.25
9,515000,11,8,11,56.25,8.021240234375,56.25
9,516000,11,8,11,56.25,8.021240234375,56.25
9,517000,11,8,11,56.25,8.021240234375,56.25
9,518000,11,8,11,56.25,8.021240234375,56.25
9,519000,11,8,11,56.25,8.021240234375,56.25
9,520000,11,8,11,56.25,8.021240234375,56.25
9,521000,11,8,11,56.25,8.021240234375,56.25
9,522000,11,8,11,56.25,8.021240234375,56.25
9,523000,11,8,11,56.25,8.021240234375,56.25
9,524000,11,8,11,56.25,8.021240234375,56.25
9,525000,11,8,11,56.25,8.021240234375,56.25
9,526000,11,8,11,56.25,8.021240234375,56.25
9,527000,11,8,11,56.25,8.021240234375,56.25
9,528000,11,8,11,56.25,8.021240234375,56.25
9,529000,11,8,11,56.25,8.021240234375,56.25
9,530000,11,8,11,56.25,8.021240234375,56.25
9,531000,11,8,11,56.25,8.021240234375,56.25
9,532000,11,8,11,56.25,8.021240234375,56.25
9,533000,11,8,11,56.25,8.021240234375,56.25
9,534000,11,8,11,56.25,8.021240234375,56.25
9,535000,11,8,11,56.25,8.021240234375,56.25
9,536000,11,8,11,56.25,8.021240234375,56.25
9,537000,11,8,11,56.25,8.021240234375,56.25
9,538000,11,8,11,56.25,8.021240234375,56.25
9,539000,11,8,11,56.25,8.021240234375,56.25
10,540000,11,8,11,56.25,8.021240234375,56.25
10,541000,11,8,11,56.25,8.021240234375,56.25
10,542000,11,8,11,62.5,8.35693359375,62.5
10,543000,11,8,11,62.5,8.35693359375,62.5
10,544000,11,8,11,62.5,8.35693359375,62.5
10,545000,11,8,11,62.5,8.35693359375,62.5
10,546000,11,8,11,62.5,8.35693359375,62.5
10,547000,11,8,11,62.5,8.35693359375,62.5
10,548000,11,8,11,62.5,8.35693359375,62.5
10,549000,11,8,11,62.5,8.35693359375,62.5
10,550000,11,8,11,62.5,8.35693359375,62.5
10,551000,11,8,11,62.5,8.35693359375,62.5
10,552000,11,8,11,62.5,8.35693359375,62.5
10,553000,11,8,11,62.5,8.35693359375,62.5
10,554000,11,8,11,62.5,8.35693359375,62.5
10,555000,11,8,11,62.5,8.35693359375,62.5
10,556000,11,8,11,62.5,8.35693359375,62.5
10,557000,11,8,11,62.5,8.35693359375,62.5
10,558000,11,8,11,62.5,8.35693359375,62.5
10,559000,11,8,11,62.5,8.35693359375,62.5
10,560000,11,8,11,62.5,8.35693359375,62.5
10,561000,11,8,11,62.5,8.35693359375,62.5
10,562000,11,8,11,62.5,8.35693359375,62.5
10,563000,11,8,11,62.5,8.35693359375,62.5
10,564000,11,8,11,62.5,8.35693359375,62.5
10,565000,11,8,11,62.5,8.35693359375,62.5
10,566000,11,8,11,62.5,8.35693359375,62.5
10,567000,11,8,11,62.5,8.35693359375,62.5
10,568000,11,8,11,62.5,8.35693359375,62.5
10,569000,11,8,11,62.5,8.35693359375,62.5
10,570000,11,8,11,62.5,8.35693359375,62.5
10,571000,11,8,11,62.5,8.35693359375,62.5
10,572000,11,8,11,62.5,8.35693359375,62.5
10,573000,11,8,11,62.5,8.35693359375,62.5
10,574000,11,8,11,62.5,8.35693359375,62.5
10,575000,11,8,11,62.5,8.35693359375,62.5
10,576000,11,8,11,62.5,8.35693359375,62.5
10,577000,11,8,11,62.5,8.35693359375,62.5
10,578000,11,8,11,62.5,8.35693359375,62.5
10,579000,11,8,11,62.5,8.35693359375,62.5
10,580000,11,8,11,62.5,8.35693359375,62.5
10,581000,11,8,11,62.5,8.35693359375,62.5
10,582000,11,8,11,62.5,8.35693359375,62.5
10,583000,11,8,11,62.5,8.35693359375,62.5
10,584000,11,8,11,62.5,8.35693359375,62.5
10,585000,11,8,11,62.5,8.35693359375,62.5
10,586000,11,8,11,62.5,8.35693359375,62.5
10,587000,11,8,11,62.5,8.35693359375,62.5
10,588000,11,8,11,62.5,8.35693359375,62.5
10,589000,11,8,11,62.5,8.35693359375,62.5
10,590000,11,8,11,62.5,8.35693359375,62.5
10,591000,11,8,11,62.5,8.35693359375,62.5
10,592000,11,8,11,62.5,8.35693359375,62.5
10,593000,11,8,11,62.5,8.35693359375,62.5
10,594000,11,8,11,62.5,8.35693359375,62.5
10,595000,11,8,11,62.5,8.35693359375,62.5
10,596000,11,8,11,62.5,8.35693359375,62.5
10,597000,11,8,11,62.5,8.35693359375,62.5
10,598000,11,8,11,62.5,8.35693359375,62.5
10,599000,11,8,11,62.5,8.35693359375,62.5
11,600000,11,8,11,62.5,8.35693359375,62.5
11,601000,11,8,11,62.5,8.35693359375,62.5
11,602000,11,8,11,68.75,8.692626953125,68.75
11,603000,11,8,11,68.75,8.692626953125,68.75
11,604000,11,8,11,68.75,8.692626953125,68.75
11,605000,11,8,11,68.75,8.692626953125,68.75
11,606000,11,8,11,68.75,8.692626953125,68.75
11,607000,11,8,11,68.75,8.692626953125,68.75
11,608000,11,8,11,68.75,8.692626953125,68.75
11,609000,11,8,11,68.75,8.692626953125,68.75
11,610000,11,8,11,68.75,8.692626953125,68.75
11,611000,11,8,11,68.75,8.692626953125,68.75
11,612000,11,8,11,68.75,8.692626953125,68.75
11,613000,11,8,11,68.75,8.692626953125,68.75
11,614000,11,8,11,68.75,8.692626953125,68.75
11,615000,11,8,11,68.75,8.692626953125,68.75
11,616000,11,8,11,68.75,8.692626953125,68.75
11,617000,11,8,11,68.75,8.692626953125,68.75
11,618000,11,8,11,68.75,8.692626953125,68.75
11,619000,11,8,11,68.75,8.692626953125,68.75
11,620000,11,9,12,68.75,8.692626953125,68.75
11,621000,11,9,12,75.0,9.0283203125,75.0
11,622000,12,9,12,68.75,8.692626953125,68.75
11,623000,12,9,12,68.75,8.692626953125,68.75
11,624000,12,9,12,68.75,8.692626953125,68.75
11,625000,12,9,12,68.75,8.692626953125,68.75
11,626000,12,9,12,68.75,8.692626953125,68.75
11,627000,12,9,12,68.75,8.692626953125,68.75
11,628000,12,9,12,68.75,8.692626953125,68.75
11,629000,12,9,12,75.0,9.0283203125,75.0
11,630000,12,9,12,68.75,8.692626953125,68.75
11,631000,12,9,12,68.75,8.692626953125,68.75
11,632000,12,9,12,68.75,8.692626953125,68.75
11,633000,12,9,12,68.75,8.692626953125,68.75
11,634000,12,9,12,68.75,8.692626953125,68.75
11,635000,12,9,12,68.75,8.692626953125,68.75
11,636000,12,9,12,68.75,8.692626953125,68.75
11,637000,12,9,12,68.75,8.692626953125,68.75
11,638000,12,9,12,75.0,9.0283203125,75.0
11,639000,12,9,12,68.75,8.692626953125,68.75
11,640000,12,9,12,68.75,8.692626953125,68.75
11,641000,12,9,12,68.75,8.692626953125,68.75
11,642000,12,9,12,68.75,8.692626953125,68.75
11,643000,12,9,12,68.75,8.692626953125,68.75
11,644000,12,9,12,68.75,8.692626953125,68.75
11,645000,12,9,12,68.75,8.692626953125,68.75
11,646000,12,9,12,68.75,8.692626953125,68.75
11,647000,12,9,12,75.0,9.0283203125,75.0
11,648000,12,9,12,68.75,8.692626953125,68.75
11,649000,12,9,12,68.75,8.692626953125,68.75
11,650000,12,9,12,68.75,8.692626953125,68.75
11,651000,12,9,12,68.75,8.692626953125,68.75
11,652000,12,9,12,68.75,8.692626953125,68.75
11,653000,12,9,12,68.75,8.692626953125,68.75
11,654000,12,9,12,68.75,8.692626953125,68.75
11,655000,12,9,12,68.75,8.692626953125,68.75
11,656000,12,9,12,75.0,9.0283203125,75.0
11,657000,12,9,12,68.75,8.692626953125,68.75
11,658000,12,9,12,68.75,8.692626953125,68.75
11,659000,12,9,12,68.75,8.692626953125,68.75
12,660000,12,9,12,68.75,8.692626953125,68.75
12,661000,12,9,12,75.0,9.0283203125,75.0
12,662000,12,9,12,75.0,9.0283203125,75.0
12,663000,12,9,12,75.0,9.0283203125,75.0
12,664000,12,9,12,75.0,9.0283203125,75.0
12,665000,12,9,12,75.0,9.0283203125,75.0
12,666000,12,9,12,75.0,9.0283203125,75.0
12,667000,12,9,12,75.0,9.0283203125,75.0
12,668000,12,9,12,75.0,9.0283203125,75.0
12,669000,12,9,12,75.0,9.0283203125,75.0
12,670000,12,9,12,75.0,9.0283203125,75.0
12,671000,12,9,12,75.0,9.0283203125,75.0
12,672000,12,9,12,75.0,9.0283203125,75.0
12,673000,12,9,12,75.0,9.0283203125,75.0
12,674000,12,9,12,75.0,9.0283203125,75.0
12,675000,12,9,12,75.0,9.0283203125,75.0
12,676000,12,9,12,75.0,9.0283203125,75.0
12,677000,12,9,12,75.0,9.0283203125,75.0
12,678000,12,9,12,75.0,9.0283203125,75.0
12,679000,12,9,12,75.0,9.0283203125,75.0
12,680000,12,9,12,75.0,9.0283203125,75.0
12,681000,12,9,12,75.0,9.0283203125,75.0
12,682000,12,9,12,75.0,9.0283203125,75.0
12,683000,12,9,12,75.0,9.0283203125,75.0
12,684000,12,9,12,75.0,9.0283203125,75.0
12,685000,12,9,12,75.0,9.0283203125,75.0
12,686000,12,9,12,75.0,9.0283203125,75.0
12,687000,12,9,12,75.0,9.0283203125,75.0
12,688000,12,9,12,75.0,9.0283203125,75.0
12,689000,12,9,12,75.0,9.0283203125,75.0
12,690000,12,9,12,75.0,9.0283203125,75.0
12,691000,12,9,12,75.0,9.0283203125,75.0
12,692000,12,9,12,75.0,9.0283203125,75.0
12,693000,12,9,12,75.0,9.0283203125,75.0
12,694000,12,9,12,75.0,9.0283203125,75.0
12,695000,12,9,12,75.0,9.0283203125,75.0
12,696000,12,9,12,75.0,9.0283203125,75.0
12,697000,12,9,12,75.0,9.0283203125,75.0
12,698000,12,9,12,75.0,9.0283203125,75.0
12,699000,12,9,12,75.0,9.0283203125,75.0
12,700000,12,9,12,75.0,9.0283203125,75.0
12,701000,12,9,12,75.0,9.0283203125,75.0
12,702000,12,9,12,75.0,9.0283203125,75.0
12,703000,12,9,12,75.0,9.0283203125,75.0
12,704000,12,10,13,75.0,9.0283203125,75.0
12,705000,12,10,13,81.25,9.364013671875,81.25
12,706000,13,11,14,75.0,9.0283203125,75.0
12,707000,13,11,14,75.0,9.0283203125,75.0
12,708000,14,11,14,75.0,9.0283203125,75.0
12,709000,14,11,14,75.0,9.0283203125,75.0
12,710000,14,11,14,75.0,9.0283203125,75.0
12,711000,14,11,14,75.0,9.0283203125,75.0
12,712000,14,11,14,75.0,9.0283203125,75.0
12,713000,14,11,14,75.0,9.0283203125,75.0
12,714000,14,11,14,75.0,9.0283203125,75.0
12,715000,14,11,14,75.0,9.0283203125,75.0
12,716000,14,11,14,75.0,9.0283203125,75.0
12,717000,14,11,14,75.0,9.0283203125,75.0
12,718000,14,11,14,75.0,9.0283203125,75.0
12,719000,14,11,14,75.0,9.0283203125,75.0
13,720000,14,11,14,75.0,9.0283203125,75.0
13,721000,14,11,14,81.25,9.364013671875,81.25
13,722000,14,11,14,81.25,9.364013671875,81.25
13,723000,14,11,14,81.25,9.364013671875,81.25
13,724000,14,11,14,81.25,9.364013671875,81.25
13,725000,14,11,14,81.25,9.364013671875,81.25
13,726000,14,11,14,81.25,9.364013671875,81.25
13,727000,14,11,14,81.25,9.364013671875,81.25
13,728000,14,11,14,81.25,9.364013671875,81.25
13,729000,14,11,14,81.25,9.364013671875,81.25
13,730000,14,11,14,81.25,9.364013671875,81.25
13,731000,14,11,14,81.25,9.364013671875,81.25
13,732000,14,11,14,81.25,9.364013671875,81.25
13,733000,14,11,14,81.25,9.364013671875,81.25
13,734000,14,11,14,87.5,9.69970703125,87.5
13,735000,14,11,14,81.25,9.364013671875,81.25
13,736000,14,11,14,81.25,9.364013671875,81.25
13,737000,14,11,14,81.25,9.364013671875,81.25
13,738000,14,11,14,81.25,9.364013671875,81.25
13,739000,14,11,14,81.25,9.364013671875,81.25
13,740000,14,11,14,87.5,9.69970703125,87.5
13,741000,14,11,14,81.25,9.364013671875,81.25
13,742000,14,11,14,81.25,9.364013671875,81.25
13,743000,14,11,14,81.25,9.364013671875,81.25
13,744000,14,11,14,81.25,9.364013671875,81.25
13,745000,14,11,14,81.25,9.364013671875,81.25
13,746000,14,11,14,81.25,9.364013671875,81.25
13,747000,14,11,14,87.5,9.69970703125,87.5
13,748000,14,11,14,81.25,9.364013671875,81.25
13,749000,14,11,14,81.25,9.364013671875,81.25
13,750000,14,11,14,81.25,9.364013671875,81.25
13,751000,14,11,14,81.25,9.364013671875,81.25
13,752000,14,11,14,81.25,9.364013671875,81.25
13,753000,14,11,14,87.5,9.69970703125,87.5
13,754000,14,11,14,81.25,9.364013671875,81.25
13,755000,14,11,14,81.25,9.364013671875,81.25
13,756000,14,11,14,81.25,9.364013671875,81.25
13,757000,14,11,14,81.25,9.364013671875,81.25
13,758000,14,11,14,81.25,9.364013671875,81.25
13,759000,14,11,14,87.5,9.69970703125,87.5
13,760000,14,11,14,81.25,9.364013671875,81.25
13,761000,14,11,14,81.25,9.364013671875,81.25
13,762000,14,11,14,81.25,9.364013671875,81.25
13,763000,14,11,14,81.25,9.364013671875,81.25
13,764000,14,11,14,81.25,9.364013671875,81.25
13,765000,14,11,14,81.25,9.364013671875,81.25
13,766000,14,11,14,87.5,9.69970703125,87.5
13,767000,14,11,14,81.25,9.364013671875,81.25
13,768000,14,11,14,81.25,9.364013671875,81.25
13,769000,14,11,14,81.25,9.364013671875,81.25
13,770000,14,11,14,81.25,9.364013671875,81.25
13,771000,14,11,14,81.25,9.364013671875,81.25
13,772000,14,11,14,87.5,9.69970703125,87.5
13,773000,14,11,14,81.25,9.364013671875,81.25
13,774000,14,11,14,81.25,9.364013671875,81.25
13,775000,14,11,14,81.25,9.364013671875,81.25
13,776000,14,11,14,81.25,9.364013671875,81.25
13,777000,14,11,14,81.25,9.364013671875,81.25
13,778000,14,11,14,87.5,9.69970703125,87.5
13,779000,14,11,14,81.25,9.364013671875,81.25
14,780000,14,11,14,81.25,9.364013671875,81.25
14,781000,14,11,14,87.5,9.69970703125,87.5
14,782000,14,11,14,87.5,9.69970703125,87.5
14,783000,14,11,14,87.5,9.69970703125,87.5
14,784000,14,11,14,87.5,9.69970703125,87.5
14,785000,14,11,14,87.5,9.69970703125,87.5
14,786000,14,11,14,87.5,9.69970703125,87.5
14,787000,14,11,14,87.5,9.69970703125,87.5
14,788000,14,11,14,87.5,9.69970703125,87.5
14,789000,14,11,14,87.5,9.69970703125,87.5
14,790000,14,11,14,87.5,9.69970703125,87.5
14,791000,14,11,14,87.5,9.69970703125,87.5
14,792000,14,11,14,87.5,9.69970703125,87.5
14,793000,14,11,14,87.5,9.69970703125,87.5
14,794000,14,11,14,87.5,9.69970703125,87.5
14,795000,14,11,14,87.5,9.69970703125,87.5
14,796000,14,11,14,87.5,9.69970703125,87.5
14,797000,14,11,14,87.5,9.69970703125,87.5
14,798000,14,11,14,87.5,9.69970703125,87.5
14,799000,14,11,14,87.5,9.69970703125,87.5
14,800000,14,11,14,87.5,9.69970703125,87.5
14,801000,14,11,14,87.5,9.69970703125,87.5
14,802000,14,11,14,87.5,9.69970703125,87.5
14,803000,14,11,14,87.5,9.69970703125,87.5
14,804000,14,11,14,87.5,9.69970703125,87.5
14,805000,14,11,14,87.5,9.69970703125,87.5
14,806000,14,12,15,87.5,9.69970703125,87.5
14,807000,14,12,15,93.75,10.035400390625,93.75
14,808000,15,13,16,87.5,9.69970703125,87.5
14,809000,15,13,16,87.5,9.69970703125,87.5
14,810000,16,13,16,87.5,9.69970703125,87.5
14,811000,16,13,16,87.5,9.69970703125,87.5
14,812000,16,13,16,87.5,9.69970703125,87.5
14,813000,16,13,16,87.5,9.69970703125,87.5
14,814000,16,13,16,87.5,9.69970703125,87.5
14,815000,16,13,16,87.5,9.69970703125,87.5
14,816000,16,13,16,87.5,9.69970703125,87.5
14,817000,16,13,16,93.75,10.035400390625,93.75
14,818000,16,13,16,87.5,9.69970703125,87.5
14,819000,16,13,16,87.5,9.69970703125,87.5
14,820000,16,13,16,87.5,9.69970703125,87.5
14,821000,16,13,16,87.5,9.69970703125,87.5
14,822000,16,13,16,87.5,9.69970703125,87.5
14,823000,16,13,16,87.5,9.69970703125,87.5
14,824000,16,13,16,87.5,9.69970703125,87.5
14,825000,16,13,16,87.5,9.69970703125,87.5
14,826000,16,13,16,87.5,9.69970703125,87.5
14,827000,16,13,16,87.5,9.69970703125,87.5
14,828000,16,13,16,87.5,9.69970703125,87.5
14,829000,16,13,16,93.75,10.035400390625,93.75
14,830000,16,13,16,87.5,9.69970703125,87.5
14,831000,16,13,16,87.5,9.69970703125,87.5
14,832000,16,13,16,87.5,9.69970703125,87.5
14,833000,16,13,16,87.5,9.69970703125,87.5
14,834000,16,13,16,87.5,9.69970703125,87.5
14,835000,16,13,16,87.5,9.69970703125,87.5
14,836000,16,13,16,87.5,9.69970703125,87.5
14,837000,16,13,16,87.5,9.69970703125,87.5
14,838000,16,13,16,87.5,9.69970703125,87.5
14,839000,16,13,16,87.5,9.69970703125,87.5
15,840000,16,13,16,87.5,9.69970703125,87.5
15,841000,16,13,16,93.75,10.035400390625,93.75
15,842000,16,13,16,93.75,10.035400390625,93.75
15,843000,16,13,16,93.75,10.035400390625,93.75
15,844000,16,13,16,93.75,10.035400390625,93.75
15,845000,16,13,16,93.75,10.035400390625,93.75
15,846000,16,13,16,93.75,10.035400390625,93.75
15,847000,16,13,16,93.75,10.035400390625,93.75
15,848000,16,13,16,93.75,10.035400390625,93.75
15,849000,16,13,16,100.0,10.37109375,100.0
15,850000,16,13,16,93.75,10.035400390625,93.75
15,851000,16,13,16,93.75,10.035400390625,93.75
15,852000,16,13,16,93.75,10.035400390625,93.75
15,853000,16,13,16,93.75,10.035400390625,93.75
15,854000,16,13,16,93.75,10.035400390625,93.75
15,855000,16,13,16,93.75,10.035400390625,93.75
15,856000,16,13,16,100.0,10.37109375,100.0
15,857000,16,13,16,93.75,10.035400390625,93.75
15,858000,16,13,16,93.75,10.035400390625,93.75
15,859000,16,13,16,93.75,10.035400390625,93.75
15,860000,16,13,16,93.75,10.035400390625,93.75
15,861000,16,13,16,93.75,10.035400390625,93.75
15,862000,16,13,16,100.0,10.37109375,100.0
15,863000,16,13,16,93.75,10.035400390625,93.75
15,864000,16,13,16,93.75,10.035400390625,93.75
15,865000,16,13,16,93.75,10.035400390625,93.75
15,866000,16,13,16,93.75,10.035400390625,93.75
15,867000,16,13,16,93.75,10.035400390625,93.75
15,868000,16,13,16,93.75,10.035400390625,93.75
15,869000,16,13,16,100.0,10.37109375,100.0
15,870000,16,13,16,93.75,10.035400390625,93.75
15,871000,16,13,16,93.75,10.035400390625,93.75
15,872000,16,13,16,93.75,10.035400390625,93.75
15,873000,16,13,16,93.75,10.035400390625,93.75
15,874000,16,13,16,93.75,10.035400390625,93.75
15,875000,16,13,16,100.0,10.37109375,100.0
15,876000,16,13,16,93.75,10.035400390625,93.75
15,877000,16,13,16,93.75,10.035400390625,93.75
15,878000,16,13,16,93.75,10.035400390625,93.75
15,879000,16,13,16,93.75,10.035400390625,93.75
15,880000,16,13,16,93.75,10.035400390625,93.75
15,881000,16,13,16,93.75,10.035400390625,93.75
15,882000,16,13,16,100.0,10.37109375,100.0
15,883000,16,13,16,93.75,10.035400390625,93.75
15,884000,16,13,16,93.75,10.035400390625,93.75
15,885000,16,13,16,93.75,10.035400390625,93.75
15,886000,16,13,16,93.75,10.035400390625,93.75
15,887000,16,13,16,93.75,10.035400390625,93.75
15,888000,16,13,16,93.75,10.035400390625,93.75
15,889000,16,13,16,100.0,10.37109375,100.0
15,890000,16,13,16,93.75,10.035400390625,93.75
15,891000,16,13,16,93.75,10.035400390625,93.75
15,892000,16,13,16,93.75,10.035400390625,93.75
15,893000,16,13,16,93.75,10.035400390625,93.75
15,894000,16,13,16,93.75,10.035400390625,93.75
15,895000,16,13,16,100.0,10.37109375,100.0
15,896000,16,13,16,93.75,10.035400390625,93.75
15,897000,16,13,16,93.75,10.035400390625,93.75
15,898000,16,13,16,93.75,10.035400390625,93.75
15,899000,16,13,16,93.75,10.035400390625,93.75
16,900000,16,13,16,93.75,10.035400390625,93.75
16,901000,16,13,16,100.0,10.37109375,100.0
16,902000,16,13,16,100.0,10.37109375,100.0
16,903000,16,13,16,100.0,10.37109375,100.0
16,904000,16,13,16,100.0,10.37109375,100.0
16,905000,16,13,16,100.0,10.37109375,100.0
16,906000,16,13,16,100.0,10.37109375,100.0
16,907000,16,13,16,100.0,10.37109375,100.0
16,908000,16,13,16,100.0,10.37109375,100.0
16,909000,16,13,16,100.0,10.37109375,100.0
16,910000,16,13,16,100.0,10.37109375,100.0
16,911000,16,13,16,100.0,10.37109375,100.0
16,912000,16,14,17,100.0,10.37109375,100.0
16,913000,16,14,17,100.0,10.706787109375,100.0
16,914000,17,15,18,100.0,10.706787109375,100.0
16,915000,17,15,18,100.0,10.706787109375,100.0
16,916000,18,15,18,100.0,10.706787109375,100.0
16,917000,18,15,18,100.0,10.706787109375,100.0
16,918000,18,15,18,100.0,10.706787109375,100.0
16,919000,18,15,18,100.0,10.706787109375,100.0
16,920000,18,15,18,100.0,10.706787109375,100.0
16,921000,18,15,18,100.0,10.706787109375,100.0
16,922000,18,15,18,100.0,10.706787109375,100.0
16,923000,18,15,18,100.0,10.706787109375,100.0
16,924000,18,15,18,100.0,10.706787109375,100.0
16,925000,18,15,18,100.0,10.706787109375,100.0
16,926000,18,15,18,100.0,10.706787109375,100.0
16,927000,18,15,18,100.0,10.706787109375,100.0
16,928000,18,15,18,100.0,10.706787109375,100.0
16,929000,18,15,18,100.0,10.706787109375,100.0
16,930000,18,15,18,100.0,10.706787109375,100.0
16,931000,18,15,18,100.0,10.706787109375,100.0
16,932000,18,15,18,100.0,10.706787109375,100.0
16,933000,18,15,18,100.0,10.706787109375,100.0
16,934000,18,15,18,100.0,11.04248046875,100.0
16,935000,18,15,18,100.0,11.04248046875,100.0
16,936000,18,15,18,100.0,11.04248046875,100.0
16,937000,18,15,18,100.0,11.04248046875,100.0
16,938000,18,15,18,100.0,11.04248046875,100.0
16,939000,18,15,18,100.0,11.04248046875,100.0
16,940000,18,15,18,100.0,11.04248046875,100.0
16,941000,18,15,18,100.0,11.04248046875,100.0
16,942000,18,15,18,100.0,11.04248046875,100.0
16,943000,18,15,18,100.0,11.04248046875,100.0
16,944000,18,15,18,100.0,11.04248046875,100.0
16,945000,18,15,18,100.0,11.04248046875,100.0
16,946000,18,15,18,100.0,11.04248046875,100.0
16,947000,18,15,18,100.0,11.04248046875,100.0
16,948000,18,15,18,100.0,11.04248046875,100.0
16,949000,18,15,18,100.0,11.04248046875,100.0
16,950000,18,15,18,100.0,11.04248046875,100.0
16,951000,18,15,18,100.0,11.04248046875,100.0
16,952000,18,15,18,100.0,11.04248046875,100.0
16,953000,18,15,18,100.0,11.04248046875,100.0
16,954000,18,15,18,100.0,11.04248046875,100.0
16,955000,18,15,18,100.0,11.04248046875,100.0
16,956000,18,15,18,100.0,11.04248046875,100.0
16,957000,18,15,18,100.0,11.04248046875,100.0
16,958000,18,16,19,100.0,11.04248046875,100.0
16,959000,18,16,19,100.0,11.378173828125,100.0
17,960000,19,17,20,100.0,11.378173828125,100.0
17,961000,19,17,20,100.0,11.378173828125,100.0
17,962000,20,17,20,100.0,11.7138671875,100.0
17,963000,20,17,20,100.0,11.7138671875,100.0
17,964000,20,17,20,100.0,11.7138671875,100.0
17,965000,20,17,20,100.0,11.7138671875,100.0
17,966000,20,19,21,100.0,11.7138671875,100.0
17,967000,20,19,22,100.0,12.38525390625,100.0
17,968000,22,25,23,100.0,12.38525390625,100.0
17,969000,22,25,28,100.0,12.38525390625,100.0
17,970000,28,27,29,100.0,12.720947265625,100.0
17,971000,28,27,30,100.0,12.720947265625,100.0
17,972000,30,27,30,100.0,13.056640625,100.0
17,973000,30,27,30,100.0,13.056640625,100.0
17,974000,30,27,30,100.0,13.392333984375,100.0
17,975000,30,27,30,100.0,13.392333984375,100.0
17,976000,30,27,30,100.0,13.392333984375,100.0
17,977000,30,27,30,100.0,13.72802734375,100.0
17,978000,30,27,30,100.0,13.72802734375,100.0
17,979000,30,27,30,100.0,14.063720703125,100.0
17,980000,30,27,30,100.0,14.063720703125,100.0
17,981000,30,27,30,100.0,14.063720703125,100.0
17,982000,30,27,30,100.0,14.3994140625,100.0
17,983000,30,27,30,100.0,14.3994140625,100.0
17,984000,30,27,30,100.0,14.735107421875,100.0
17,985000,30,27,30,100.0,14.735107421875,100.0
17,986000,30,27,30,100.0,14.735107421875,100.0
17,987000,30,27,30,100.0,15.07080078125,100.0
17,988000,30,27,30,100.0,15.07080078125,100.0
17,989000,30,27,30,100.0,15.07080078125,100.0
17,990000,30,28,31,100.0,15.07080078125,100.0
17,991000,30,28,31,100.0,15.406494140625,100.0
17,992000,31,33,32,100.0,15.406494140625,100.0
17,993000,31,33,36,100.0,15.7421875,100.0
17,994000,36,37,37,100.0,16.077880859375,100.0
17,995000,36,37,40,100.0,16.077880859375,100.0
17,996000,40,38,41,100.0,16.41357421875,100.0
17,997000,40,38,41,100.0,16.41357421875,100.0
17,998000,41,38,41,100.0,16.41357421875,100.0
17,999000,41,38,41,100.0,16.749267578125,100.0
17,1000000,41,38,41,100.0,16.749267578125,100.0
17,1001000,41,38,41,100.0,17.0849609375,100.0
17,1002000,41,38,41,100.0,17.0849609375,100.0
17,1003000,41,38,41,100.0,17.420654296875,100.0
17,1004000,41,38,41,100.0,17.420654296875,100.0
17,1005000,41,38,41,100.0,17.420654296875,100.0
17,1006000,41,38,41,100.0,17.75634765625,100.0
17,1007000,41,38,41,100.0,17.75634765625,100.0
17,1008000,41,38,41,100.0,18.092041015625,100.0
17,1009000,41,38,41,100.0,18.092041015625,100.0
17,1010000,41,38,41,100.0,18.092041015625,100.0
17,1011000,41,38,41,100.0,18.427734375,100.0
17,1012000,41,38,41,100.0,18.427734375,100.0
17,1013000,41,38,41,100.0,18.763427734375,100.0
17,1014000,41,38,41,100.0,18.763427734375,100.0
17,1015000,41,38,41,100.0,18.763427734375,100.0
17,1016000,41,39,42,100.0,18.763427734375,100.0
17,1017000,41,39,42,100.0,19.09912109375,100.0
17,1018000,42,40,43,100.0,19.09912109375,100.0
17,1019000,42,40,43,100.0,19.434814453125,100.0
18,1020000,43,41,44,100.0,19.434814453125,100.0
18,1021000,43,41,44,100.0,19.7705078125,100.0
18,1022000,44,42,45,100.0,19.7705078125,100.0
18,1023000,44,42,45,100.0,20.106201171875,100.0
18,1024000,45,47,46,100.0,20.106201171875,100.0
18,1025000,45,47,50,100.0,20.777587890625,100.0
18,1026000,50,58,51,100.0,21.11328125,100.0
18,1027000,50,58,61,100.0,21.448974609375,100.0
18,1028000,61,61,61,100.0,21.78466796875,100.0
18,1029000,61,61,61,100.0,21.78466796875,100.0
18,1030000,61,61,61,100.0,22.120361328125,100.0
18,1031000,61,61,61,100.0,22.4560546875,100.0
18,1032000,61,61,61,100.0,22.4560546875,100.0
18,1033000,61,61,61,100.0,22.791748046875,100.0
18,1034000,61,61,61,100.0,23.12744140625,100.0
18,1035000,61,61,61,100.0,23.463134765625,100.0
18,1036000,61,61,61,100.0,23.463134765625,100.0
18,1037000,61,61,61,100.0,23.798828125,100.0
18,1038000,61,61,61,100.0,24.134521484375,100.0
18,1039000,61,61,61,100.0,24.47021484375,100.0
18,1040000,61,61,61,100.0,24.47021484375,100.0
18,1041000,61,61,61,100.0,24.805908203125,100.0
18,1042000,61,61,61,100.0,25.1416015625,100.0
18,1043000,61,61,61,100.0,25.1416015625,100.0
18,1044000,61,61,61,100.0,25.477294921875,100.0
18,1045000,61,61,61,100.0,25.477294921875,100.0
18,1046000,61,64,62,100.0,25.477294921875,100.0
18,1047000,61,64,64,100.0,26.148681640625,100.0
18,1048000,64,73,65,100.0,26.484375,100.0
18,1049000,64,73,73,100.0,26.820068359375,100.0
18,1050000,73,76,74,100.0,27.15576171875,100.0
18,1051000,73,76,76,100.0,27.15576171875,100.0
18,1052000,76,76,76,100.0,27.491455078125,100.0
18,1053000,76,76,76,100.0,27.8271484375,100.0
18,1054000,76,76,76,100.0,27.8271484375,100.0
18,1055000,76,76,76,100.0,28.162841796875,100.0
18,1056000,76,76,76,100.0,28.49853515625,100.0
18,1057000,76,76,76,100.0,28.834228515625,100.0
18,1058000,76,76,76,100.0,28.834228515625,100.0
18,1059000,76,76,76,100.0,29.169921875,100.0
18,1060000,76,76,76,100.0,29.505615234375,100.0
18,1061000,76,76,76,100.0,29.84130859375,100.0
18,1062000,76,76,76,100.0,29.84130859375,100.0
18,1063000,76,76,76,100.0,30.177001953125,100.0
18,1064000,76,76,76,100.0,30.5126953125,100.0
18,1065000,76,76,76,100.0,30.5126953125,100.0
18,1066000,76,77,77,100.0,30.5126953125,100.0
18,1067000,76,77,77,100.0,30.848388671875,100.0
18,1068000,77,81,78,100.0,30.848388671875,100.0
18,1069000,77,81,81,100.0,31.519775390625,100.0
18,1070000,81,92,82,100.0,31.85546875,100.0
18,1071000,81,92,92,100.0,32.191162109375,100.0
18,1072000,92,95,93,100.0,32.52685546875,100.0
18,1073000,92,95,95,100.0,32.52685546875,100.0
18,1074000,95,95,95,100.0,32.862548828125,100.0
18,1075000,95,95,95,100.0,33.1982421875,100.0
18,1076000,95,95,95,100.0,33.1982421875,100.0
18,1077000,95,95,95,100.0,33.533935546875,100.0
18,1078000,95,95,95,100.0,33.86962890625,100.0
18,1079000,95,95,95,100.0,34.205322265625,100.0
18,1080000,95,95,95,100.0,34.205322265625,100.0
18,1081000,95,95,95,100.0,34.205322265625,100.0
18,1082000,95,95,95,100.0,32.862548828125,100.0
18,1083000,95,95,95,100.0,28.834228515625,100.0
18,1084000,95,95,95,100.0,28.834228515625,100.0
18,1085000,95,95,95,100.0,27.491455078125,100.0
18,1086000,95,95,95,100.0,23.463134765625,100.0
18,1087000,95,95,95,100.0,23.463134765625,100.0
18,1088000,95,95,95,100.0,22.120361328125,100.0
18,1089000,95,95,95,100.0,18.092041015625,100.0
18,1090000,95,95,95,100.0,18.092041015625,100.0
18,1091000,95,95,95,100.0,16.749267578125,100.0
18,1092000,95,95,95,100.0,12.720947265625,100.0
18,1093000,95,95,95,100.0,12.720947265625,100.0
18,1094000,95,95,95,100.0,11.378173828125,100.0
18,1095000,95,95,95,43.75,7.349853515625,43.75
18,1096000,95,95,95,43.75,7.349853515625,43.75
18,1097000,95,95,95,18.75,6.007080078125,18.75
