index,rps,arrival,start_time,end_time,latency,function,node,duration,memory
0,1,0,6000,7005,6005.0,func-0,worker-0,1000.0,170
1,1,1000,6000,7005,5005.0,func-1,worker-0,1000.0,170
2,1,2000,6001,7007,4007.0,func-0,worker-0,1000.0,170
3,1,3000,6010,7015,3015.0,func-1,worker-0,1000.0,170
4,1,4000,6200,7205,2205.0,func-0,worker-0,1000.0,170
5,1,5000,7000,8005,2005.0,func-1,worker-0,1000.0,170
6,1,6000,7000,8005,1005.0,func-0,worker-0,1000.0,170
7,1,7000,7010,8015,15.0,func-1,worker-0,1000.0,170
8,1,8000,8000,9005,5.0,func-0,worker-0,1000.0,170
9,1,9000,9000,10005,5.0,func-1,worker-0,1000.0,170
10,1,10000,10000,11005,5.0,func-0,worker-0,1000.0,170
11,1,11000,11000,12005,5.0,func-1,worker-0,1000.0,170
12,1,12000,12000,13005,5.0,func-0,worker-0,1000.0,170
13,1,13000,13000,14005,5.0,func-1,worker-0,1000.0,170
14,1,14000,14000,15005,5.0,func-0,worker-0,1000.0,170
15,1,15000,15000,16005,5.0,func-1,worker-0,1000.0,170
16,1,16000,16000,17005,5.0,func-0,worker-0,1000.0,170
17,1,17000,17000,18005,5.0,func-1,worker-0,1000.0,170
18,1,18000,18000,19005,5.0,func-0,worker-0,1000.0,170
19,1,19000,19000,20005,5.0,func-1,worker-0,1000.0,170
20,1,20000,20000,21005,5.0,func-0,worker-0,1000.0,170
21,1,21000,21000,22005,5.0,func-1,worker-0,1000.0,170
22,1,22000,22000,23005,5.0,func-0,worker-0,1000.0,170
23,1,23000,23000,24005,5.0,func-1,worker-0,1000.0,170
24,1,24000,24000,25005,5.0,func-0,worker-0,1000.0,170
25,1,25000,25000,26005,5.0,func-1,worker-0,1000.0,170
26,1,26000,26000,27005,5.0,func-0,worker-0,1000.0,170
27,1,27000,27000,28005,5.0,func-1,worker-0,1000.0,170
28,1,28000,28000,29005,5.0,func-0,worker-0,1000.0,170
29,1,29000,29000,30005,5.0,func-1,worker-0,1000.0,170
30,1,30000,30000,31005,5.0,func-0,worker-0,1000.0,170
31,1,31000,31000,32005,5.0,func-1,worker-0,1000.0,170
32,1,32000,32000,33005,5.0,func-0,worker-0,1000.0,170
33,1,33000,33000,34005,5.0,func-1,worker-0,1000.0,170
34,1,34000,34000,35005,5.0,func-0,worker-0,1000.0,170
35,1,35000,35000,36005,5.0,func-1,worker-0,1000.0,170
36,1,36000,36000,37005,5.0,func-0,worker-0,1000.0,170
37,1,37000,37000,38005,5.0,func-1,worker-0,1000.0,170
38,1,38000,38000,39005,5.0,func-0,worker-0,1000.0,170
39,1,39000,39000,40005,5.0,func-1,worker-0,1000.0,170
40,1,40000,40000,41005,5.0,func-0,worker-0,1000.0,170
41,1,41000,41000,42005,5.0,func-1,worker-0,1000.0,170
42,1,42000,42000,43005,5.0,func-0,worker-0,1000.0,170
43,1,43000,43000,44005,5.0,func-1,worker-0,1000.0,170
44,1,44000,44000,45005,5.0,func-0,worker-0,1000.0,170
45,1,45000,45000,46005,5.0,func-1,worker-0,1000.0,170
46,1,46000,46000,47005,5.0,func-0,worker-0,1000.0,170
47,1,47000,47000,48005,5.0,func-1,worker-0,1000.0,170
48,1,48000,48000,49005,5.0,func-0,worker-0,1000.0,170
49,1,49000,49000,50005,5.0,func-1,worker-0,1000.0,170
50,1,50000,50000,51005,5.0,func-0,worker-0,1000.0,170
51,1,51000,51000,52005,5.0,func-1,worker-0,1000.0,170
52,1,52000,52000,53005,5.0,func-0,worker-0,1000.0,170
53,1,53000,53000,54005,5.0,func-1,worker-0,1000.0,170
54,1,54000,54000,55005,5.0,func-0,worker-0,1000.0,170
55,1,55000,55000,56005,5.0,func-1,worker-0,1000.0,170
56,1,56000,56000,57005,5.0,func-0,worker-0,1000.0,170
57,1,57000,57000,58005,5.0,func-1,worker-0,1000.0,170
58,1,58000,58000,59005,5.0,func-0,worker-0,1000.0,170
59,1,59000,59000,60005,5.0,func-1,worker-0,1000.0,170
